{"v":"4.11.1","fr":30,"ip":0,"op":43,"w":512,"h":512,"nm":"box","ddd":0,"assets":[],"layers":[{"ddd":0,"ind":1,"ty":4,"nm":"circle-wave","sr":1,"ks":{"o":{"a":0,"k":100,"ix":11},"r":{"a":1,"k":[{"i":{"x":[0.833],"y":[0.833]},"o":{"x":[0.167],"y":[0.167]},"n":["0p833_0p833_0p167_0p167"],"t":6,"s":[-21],"e":[0]},{"t":11}],"ix":10},"p":{"a":0,"k":[243,256,0],"ix":2},"a":{"a":0,"k":[256,256,0],"ix":1},"s":{"a":1,"k":[{"i":{"x":[0.833,0.833,0.833],"y":[0.833,0.833,0.833]},"o":{"x":[0.167,0.167,0.167],"y":[0.167,0.167,0.167]},"n":["0p833_0p833_0p167_0p167","0p833_0p833_0p167_0p167","0p833_0p833_0p167_0p167"],"t":6,"s":[38.556,38.556,100],"e":[62.156,62.156,100]},{"i":{"x":[0.833,0.833,0.833],"y":[0.833,0.833,0.833]},"o":{"x":[0.167,0.167,0.167],"y":[0.167,0.167,0.167]},"n":["0p833_0p833_0p167_0p167","0p833_0p833_0p167_0p167","0p833_0p833_0p167_0p167"],"t":10,"s":[62.156,62.156,100],"e":[55.556,55.556,100]},{"t":11}],"ix":6}},"ao":0,"shapes":[{"ty":"gr","it":[{"ind":0,"ty":"sh","ix":1,"ks":{"a":0,"k":{"i":[[0,0],[70.692,0],[0,70.692],[-70.692,0],[-15.073,-6.24]],"o":[[0,70.692],[-70.692,0],[0,-70.692],[17.328,0],[0,0]],"v":[[128,0],[0,128],[-128,0],[0,-128],[48.925,-118.317]],"c":false},"ix":2},"nm":"Path 1","mn":"ADBE Vector Shape - Group","hd":false},{"ty":"st","c":{"a":0,"k":[1,1,1,1],"ix":3},"o":{"a":0,"k":100,"ix":4},"w":{"a":0,"k":16,"ix":5},"lc":2,"lj":1,"ml":10,"nm":"Stroke 1","mn":"ADBE Vector Graphic - Stroke","hd":false},{"ty":"tr","p":{"a":0,"k":[251.75,256],"ix":2},"a":{"a":0,"k":[0,0],"ix":1},"s":{"a":1,"k":[{"i":{"x":[0.833,0.833],"y":[0.833,0.833]},"o":{"x":[0.167,0.167],"y":[0.167,0.167]},"n":["0p833_0p833_0p167_0p167","0p833_0p833_0p167_0p167"],"t":11,"s":[132,132],"e":[152,152]},{"t":21}],"ix":3},"r":{"a":0,"k":0,"ix":6},"o":{"a":1,"k":[{"i":{"x":[0.833],"y":[0.833]},"o":{"x":[0.167],"y":[0.167]},"n":["0p833_0p833_0p167_0p167"],"t":11,"s":[16],"e":[0]},{"t":21}],"ix":7},"sk":{"a":0,"k":0,"ix":4},"sa":{"a":0,"k":0,"ix":5},"nm":"Transform"}],"nm":"Group 1","np":2,"cix":2,"ix":1,"mn":"ADBE Vector Group","hd":false},{"ty":"tm","s":{"a":0,"k":0,"ix":1},"e":{"a":1,"k":[{"i":{"x":[0],"y":[1]},"o":{"x":[1],"y":[0]},"n":["0_1_1_0"],"t":6,"s":[0],"e":[100]},{"t":22}],"ix":2},"o":{"a":0,"k":0,"ix":3},"m":1,"ix":2,"nm":"Trim Paths 1","mn":"ADBE Vector Filter - Trim","hd":false}],"ip":11,"op":906,"st":6,"bm":0},{"ddd":0,"ind":2,"ty":4,"nm":"circle","sr":1,"ks":{"o":{"a":0,"k":100,"ix":11},"r":{"a":1,"k":[{"i":{"x":[0.833],"y":[0.833]},"o":{"x":[0.167],"y":[0.167]},"n":["0p833_0p833_0p167_0p167"],"t":6,"s":[-21],"e":[0]},{"t":11}],"ix":10},"p":{"a":0,"k":[243,256,0],"ix":2},"a":{"a":0,"k":[256,256,0],"ix":1},"s":{"a":1,"k":[{"i":{"x":[0.833,0.833,0.833],"y":[0.833,0.833,0.833]},"o":{"x":[0.167,0.167,0.167],"y":[0.167,0.167,0.167]},"n":["0p833_0p833_0p167_0p167","0p833_0p833_0p167_0p167","0p833_0p833_0p167_0p167"],"t":6,"s":[38.556,38.556,100],"e":[62.156,62.156,100]},{"i":{"x":[0.833,0.833,0.833],"y":[0.833,0.833,0.833]},"o":{"x":[0.167,0.167,0.167],"y":[0.167,0.167,0.167]},"n":["0p833_0p833_0p167_0p167","0p833_0p833_0p167_0p167","0p833_0p833_0p167_0p167"],"t":10,"s":[62.156,62.156,100],"e":[55.556,55.556,100]},{"t":11}],"ix":6}},"ao":0,"shapes":[{"ty":"gr","it":[{"ind":0,"ty":"sh","ix":1,"ks":{"a":0,"k":{"i":[[0,0],[70.692,0],[0,70.692],[-70.692,0],[-15.073,-6.24]],"o":[[0,70.692],[-70.692,0],[0,-70.692],[17.328,0],[0,0]],"v":[[128,0],[0,128],[-128,0],[0,-128],[48.925,-118.317]],"c":false},"ix":2},"nm":"Path 1","mn":"ADBE Vector Shape - Group","hd":false},{"ty":"st","c":{"a":0,"k":[1,1,1,1],"ix":3},"o":{"a":0,"k":100,"ix":4},"w":{"a":0,"k":24,"ix":5},"lc":2,"lj":1,"ml":10,"nm":"Stroke 1","mn":"ADBE Vector Graphic - Stroke","hd":false},{"ty":"tr","p":{"a":0,"k":[251.75,256],"ix":2},"a":{"a":0,"k":[0,0],"ix":1},"s":{"a":0,"k":[100,100],"ix":3},"r":{"a":0,"k":0,"ix":6},"o":{"a":0,"k":100,"ix":7},"sk":{"a":0,"k":0,"ix":4},"sa":{"a":0,"k":0,"ix":5},"nm":"Transform"}],"nm":"Group 1","np":2,"cix":2,"ix":1,"mn":"ADBE Vector Group","hd":false},{"ty":"tm","s":{"a":0,"k":0,"ix":1},"e":{"a":1,"k":[{"i":{"x":[0],"y":[1]},"o":{"x":[1],"y":[0]},"n":["0_1_1_0"],"t":6,"s":[0],"e":[100]},{"t":22}],"ix":2},"o":{"a":0,"k":0,"ix":3},"m":1,"ix":2,"nm":"Trim Paths 1","mn":"ADBE Vector Filter - Trim","hd":false}],"ip":6,"op":906,"st":6,"bm":0},{"ddd":0,"ind":3,"ty":4,"nm":"check","sr":1,"ks":{"o":{"a":0,"k":100,"ix":11},"r":{"a":0,"k":0,"ix":10},"p":{"a":0,"k":[243,256,0],"ix":2},"a":{"a":0,"k":[256,256,0],"ix":1},"s":{"a":0,"k":[55.556,55.556,100],"ix":6}},"ao":0,"shapes":[{"ty":"gr","it":[{"ind":0,"ty":"sh","ix":1,"ks":{"a":0,"k":{"i":[[0,0],[0,0],[0,0]],"o":[[0,0],[0,0],[0,0]],"v":[[88,-64],[-40,64],[-88,16]],"c":false},"ix":2},"nm":"Path 1","mn":"ADBE Vector Shape - Group","hd":false},{"ty":"st","c":{"a":0,"k":[1,1,1,1],"ix":3},"o":{"a":0,"k":100,"ix":4},"w":{"a":0,"k":24,"ix":5},"lc":2,"lj":2,"nm":"Stroke 1","mn":"ADBE Vector Graphic - Stroke","hd":false},{"ty":"tr","p":{"a":0,"k":[299.75,224],"ix":2},"a":{"a":0,"k":[0,0],"ix":1},"s":{"a":0,"k":[100,100],"ix":3},"r":{"a":0,"k":0,"ix":6},"o":{"a":0,"k":100,"ix":7},"sk":{"a":0,"k":0,"ix":4},"sa":{"a":0,"k":0,"ix":5},"nm":"Transform"}],"nm":"Group 1","np":2,"cix":2,"ix":1,"mn":"ADBE Vector Group","hd":false},{"ty":"tm","s":{"a":0,"k":100,"ix":1},"e":{"a":1,"k":[{"i":{"x":[0],"y":[1]},"o":{"x":[1],"y":[0]},"n":["0_1_1_0"],"t":12,"s":[100],"e":[1]},{"t":24}],"ix":2},"o":{"a":0,"k":0,"ix":3},"m":1,"ix":2,"nm":"Trim Paths 1","mn":"ADBE Vector Filter - Trim","hd":false}],"ip":6,"op":906,"st":6,"bm":0},{"ddd":0,"ind":4,"ty":4,"nm":"box-wave","sr":1,"ks":{"o":{"a":1,"k":[{"i":{"x":[0.833],"y":[0.833]},"o":{"x":[0.167],"y":[0.167]},"n":["0p833_0p833_0p167_0p167"],"t":8,"s":[0],"e":[100]},{"i":{"x":[0.667],"y":[1]},"o":{"x":[0.167],"y":[0.167]},"n":["0p667_1_0p167_0p167"],"t":9,"s":[100],"e":[0]},{"t":17}],"ix":11},"r":{"a":0,"k":0,"ix":10},"p":{"a":1,"k":[{"i":{"x":0.833,"y":0.833},"o":{"x":0.167,"y":0.167},"n":"0p833_0p833_0p167_0p167","t":0,"s":[236.938,255.621,0],"e":[254.005,256.027,0],"to":[2.8445999622345,0.06758262962103,0],"ti":[-2.8445999622345,-0.06758262962103,0]},{"t":9}],"ix":2},"a":{"a":0,"k":[0,0,0],"ix":1},"s":{"a":1,"k":[{"i":{"x":[0.667,0.667,0.667],"y":[1,1,1]},"o":{"x":[0.333,0.333,0.333],"y":[0,0,0]},"n":["0p667_1_0p333_0","0p667_1_0p333_0","0p667_1_0p333_0"],"t":10,"s":[100,100,100],"e":[115,115,100]},{"t":17}],"ix":6}},"ao":0,"shapes":[{"ty":"gr","it":[{"ind":0,"ty":"sh","ix":1,"ks":{"a":1,"k":[{"i":{"x":0.667,"y":1},"o":{"x":0.333,"y":0},"n":"0p667_1_0p333_0","t":0,"s":[{"i":[[0,-66.274],[43.431,-43.431],[66.274,0],[43.431,43.431],[0,66.274],[-43.431,43.431],[-66.274,0],[-43.431,-43.431]],"o":[[0,66.274],[-43.431,43.431],[-66.274,0],[-43.431,-43.431],[0,-66.274],[43.431,-43.431],[66.274,0],[43.431,43.431]],"v":[[220.549,-0.387],[150.255,169.319],[-19.451,239.613],[-189.157,169.319],[-259.451,-0.387],[-189.157,-170.093],[-19.451,-240.387],[150.255,-170.093]],"c":true}],"e":[{"i":[[8.686,0.619],[0,0],[2.047,11.573],[0,0],[-9.108,0.564],[0,0],[1.996,-8.592],[0,0]],"o":[[0,0],[-9.397,-1.628],[0,0],[-2.057,-15.132],[0,0],[9.304,-0.454],[0,0],[-2.123,7.946]],"v":[[137.196,142.961],[-221.758,100.044],[-236.421,83.129],[-259.116,-100.165],[-242.426,-122.414],[205.612,-143.899],[220.275,-126.985],[154.111,128.298]],"c":true}]},{"t":11}],"ix":2},"nm":"Path 1","mn":"ADBE Vector Shape - Group","hd":false},{"ty":"st","c":{"a":0,"k":[0.717647058824,0.882352941176,0.262745098039,1],"ix":3},"o":{"a":0,"k":100,"ix":4},"w":{"a":0,"k":6,"ix":5},"lc":1,"lj":1,"ml":4,"nm":"Stroke 1","mn":"ADBE Vector Graphic - Stroke","hd":false},{"ty":"fl","c":{"a":0,"k":[0.552941176471,0.780392156863,0.247058823529,1],"ix":4},"o":{"a":0,"k":0,"ix":5},"r":1,"nm":"Fill 1","mn":"ADBE Vector Graphic - Fill","hd":false},{"ty":"tr","p":{"a":0,"k":[19.451,0.387],"ix":2},"a":{"a":0,"k":[0,0],"ix":1},"s":{"a":1,"k":[{"i":{"x":[0.729,0.729],"y":[0.901,0.901]},"o":{"x":[0.306,0.306],"y":[0,0]},"n":["0p729_0p901_0p306_0","0p729_0p901_0p306_0"],"t":0,"s":[2,2],"e":[100,100]},{"i":{"x":[0.765,0.765],"y":[1,1]},"o":{"x":[0.418,0.418],"y":[-0.56,-0.56]},"n":["0p765_1_0p418_-0p56","0p765_1_0p418_-0p56"],"t":8,"s":[100,100],"e":[90,90]},{"t":11}],"ix":3},"r":{"a":0,"k":0,"ix":6},"o":{"a":0,"k":100,"ix":7},"sk":{"a":0,"k":0,"ix":4},"sa":{"a":0,"k":0,"ix":5},"nm":"Transform"}],"nm":"Shape","np":3,"cix":2,"ix":1,"mn":"ADBE Vector Group","hd":false}],"ip":0,"op":900,"st":0,"bm":0},{"ddd":0,"ind":5,"ty":4,"nm":"box","sr":1,"ks":{"o":{"a":0,"k":100,"ix":11},"r":{"a":0,"k":0,"ix":10},"p":{"a":1,"k":[{"i":{"x":0.833,"y":0.833},"o":{"x":0.167,"y":0.167},"n":"0p833_0p833_0p167_0p167","t":0,"s":[236.938,255.621,0],"e":[254.005,256.027,0],"to":[2.8445999622345,0.06758262962103,0],"ti":[-2.8445999622345,-0.06758262962103,0]},{"t":11}],"ix":2},"a":{"a":0,"k":[0,0,0],"ix":1},"s":{"a":0,"k":[100,100,100],"ix":6}},"ao":0,"shapes":[{"ty":"gr","it":[{"ind":0,"ty":"sh","ix":1,"ks":{"a":1,"k":[{"i":{"x":0.667,"y":1},"o":{"x":0.333,"y":0},"n":"0p667_1_0p333_0","t":0,"s":[{"i":[[0,-66.274],[43.431,-43.431],[66.274,0],[43.431,43.431],[0,66.274],[-43.431,43.431],[-66.274,0],[-43.431,-43.431]],"o":[[0,66.274],[-43.431,43.431],[-66.274,0],[-43.431,-43.431],[0,-66.274],[43.431,-43.431],[66.274,0],[43.431,43.431]],"v":[[220.549,-0.387],[150.255,169.319],[-19.451,239.613],[-189.157,169.319],[-259.451,-0.387],[-189.157,-170.093],[-19.451,-240.387],[150.255,-170.093]],"c":true}],"e":[{"i":[[8.686,0.619],[0,0],[2.047,11.573],[0,0],[-9.108,0.564],[0,0],[1.996,-8.592],[0,0]],"o":[[0,0],[-9.397,-1.628],[0,0],[-2.057,-15.132],[0,0],[9.304,-0.454],[0,0],[-2.123,7.946]],"v":[[137.196,142.961],[-221.758,100.044],[-236.421,83.129],[-259.116,-100.165],[-242.426,-122.414],[205.612,-143.899],[220.275,-126.985],[154.111,128.298]],"c":true}]},{"t":11}],"ix":2},"nm":"Path 1","mn":"ADBE Vector Shape - Group","hd":false},{"ty":"st","c":{"a":0,"k":[1,1,1,1],"ix":3},"o":{"a":0,"k":100,"ix":4},"w":{"a":0,"k":0,"ix":5},"lc":1,"lj":1,"ml":4,"nm":"Stroke 1","mn":"ADBE Vector Graphic - Stroke","hd":false},{"ty":"fl","c":{"a":0,"k":[0.552941176471,0.780392156863,0.247058823529,1],"ix":4},"o":{"a":0,"k":100,"ix":5},"r":1,"nm":"Fill 1","mn":"ADBE Vector Graphic - Fill","hd":false},{"ty":"tr","p":{"a":0,"k":[19.451,0.387],"ix":2},"a":{"a":0,"k":[0,0],"ix":1},"s":{"a":1,"k":[{"i":{"x":[0.729,0.729],"y":[0.901,0.901]},"o":{"x":[0.306,0.306],"y":[0,0]},"n":["0p729_0p901_0p306_0","0p729_0p901_0p306_0"],"t":0,"s":[2,2],"e":[100,100]},{"i":{"x":[0.765,0.765],"y":[1,1]},"o":{"x":[0.418,0.418],"y":[-0.56,-0.56]},"n":["0p765_1_0p418_-0p56","0p765_1_0p418_-0p56"],"t":8,"s":[100,100],"e":[90,90]},{"t":11}],"ix":3},"r":{"a":0,"k":0,"ix":6},"o":{"a":0,"k":100,"ix":7},"sk":{"a":0,"k":0,"ix":4},"sa":{"a":0,"k":0,"ix":5},"nm":"Transform"}],"nm":"Shape","np":3,"cix":2,"ix":1,"mn":"ADBE Vector Group","hd":false}],"ip":0,"op":900,"st":0,"bm":0}]}